customer_id,credit_score,country,gender,age,tenure,balance,products_number,credit_card,active_member,estimated_salary,churn
100000,554,Spain,Male,46,5,0.0,1,0,1,51089.87,0
100001,679,France,Male,45,6,61563.22,2,1,0,126579.09,1
100002,636,Spain,Male,39,3,55387.3,2,1,0,81349.35,0
100003,850,Germany,Male,41,0,0.0,1,1,0,125292.13,0
100004,677,France,Female,27,6,118183.82,2,0,1,139978.69,0
100005,614,Spain,Female,18,9,0.0,1,1,1,79207.7,0
100006,785,Spain,Male,41,0,137677.48,2,1,0,55004.09,0
100007,475,Spain,Male,42,2,137854.05,1,1,0,74512.26,0
100008,659,France,Female,51,2,146911.63,3,1,0,137832.09,1
100009,839,France,Female,55,8,117895.23,1,1,0,140221.73,0
100010,639,France,Male,55,5,0.0,2,1,1,152143.63,0
100011,485,Spain,Male,29,5,0.0,1,0,0,38409.27,0
100012,612,Germany,Male,35,7,92034.57,1,1,1,166425.72,0
100013,788,Spain,Female,44,3,60035.27,1,1,1,142307.34,0
100014,686,France,Female,64,7,0.0,2,0,1,20643.44,0
100015,570,France,Male,54,0,180493.98,4,1,1,77085.6,1
100016,585,Germany,Female,50,1,181057.85,1,1,0,101341.58,1
100017,597,France,Male,35,8,65242.21,1,1,0,81714.24,0
100018,684,Spain,Male,30,7,73725.21,1,1,0,36722.12,0
100019,777,Germany,Female,47,1,91068.39,1,1,1,53359.06,0
100020,750,Spain,Female,28,4,0.0,3,0,0,19543.86,0
100021,693,France,Female,37,0,0.0,3,1,0,32219.27,0
100022,523,Spain,Male,38,7,20435.36,3,1,0,64265.52,0
100023,524,Spain,Male,55,8,198203.12,1,1,0,166694.5,1
100024,701,Spain,Female,35,3,118432.05,1,1,1,112427.94,0
100025,522,France,Male,18,3,0.0,2,1,1,93532.11,0
100026,629,France,Female,44,2,0.0,1,1,1,137500.14,0
100027,679,France,Female,32,4,125028.75,2,0,1,115179.45,0
100028,542,France,Male,39,2,39889.15,1,1,0,39330.08,0
100029,553,Germany,Female,38,2,0.0,1,1,0,56185.32,0
100030,641,Germany,Female,36,4,0.0,3,1,0,56166.64,0
100031,698,Spain,Male,47,9,7351.69,1,0,1,125991.21,0
100032,751,France,Female,24,8,91991.74,3,1,1,100400.51,1
100033,708,France,Male,34,3,89340.93,1,0,0,86703.24,0
100034,657,France,Female,46,10,91984.32,1,1,1,117978.25,0
100035,579,France,Female,33,2,81303.48,1,1,0,194471.42,1
100036,548,France,Female,23,10,0.0,1,0,0,73125.79,0
100037,601,France,Female,46,3,26652.63,2,1,1,111236.16,0
100038,689,France,Female,50,5,111224.12,1,1,1,103868.45,0
100039,682,Germany,Female,39,2,92094.67,2,0,1,147578.96,1
100040,451,France,Male,19,8,45862.89,3,1,1,150103.7,0
100041,575,Spain,Female,46,3,107688.94,1,1,0,149878.08,1
100042,764,Germany,Female,22,9,92317.14,1,0,1,52281.12,0
100043,658,France,Female,42,0,0.0,1,1,1,98082.23,0
100044,515,Spain,Female,30,5,12253.52,2,1,1,165067.32,1
100045,850,Spain,Female,27,1,0.0,2,0,0,85583.08,0
100046,647,France,Male,35,9,0.0,1,0,1,197087.2,0
100047,687,France,Female,37,4,107720.62,2,1,0,82485.55,0
100048,688,Germany,Male,33,7,70244.46,1,1,0,107068.36,0
100049,615,France,Male,45,9,88284.76,1,1,1,102787.24,1
100050,581,France,Female,35,5,154548.58,1,1,1,95227.8,0
100051,850,France,Female,49,0,127859.58,4,1,1,171441.8,0
100052,745,Spain,Female,42,2,0.0,1,1,1,43725.92,0
100053,728,Germany,Male,32,2,119206.58,1,1,0,120017.97,1
100054,705,Germany,Female,30,10,122034.17,1,1,1,129441.29,0
100055,555,Spain,Male,23,9,28411.02,2,1,0,172475.94,0
100056,771,France,Male,42,5,91346.43,1,1,1,127702.03,0
100057,570,Germany,Male,35,9,95328.92,1,1,0,192603.76,0
100058,677,France,Male,18,2,0.0,1,1,1,176351.03,0
100059,494,France,Male,34,7,83232.14,2,0,1,79516.89,0
100060,456,Germany,Female,30,4,0.0,1,1,1,174082.69,0
100061,680,France,Female,55,2,0.0,3,1,0,192318.4,1
100062,573,Germany,Female,22,2,0.0,1,0,0,62581.48,0
100063,461,Spain,Male,25,4,0.0,1,0,0,127888.63,1
100064,701,Germany,Male,50,3,140594.84,3,1,0,67133.72,0
100065,850,Germany,Male,53,2,31690.8,2,1,1,135169.95,0
100066,782,Germany,Female,32,3,35597.16,1,1,0,32323.92,0
100067,626,France,Male,33,1,6816.19,2,1,1,150824.78,0
100068,651,France,Male,45,10,138797.35,2,1,0,92666.67,0
100069,734,France,Male,18,4,0.0,1,1,0,123651.83,0
100070,757,France,Male,20,1,0.0,2,0,1,19784.54,0
100071,617,France,Female,36,6,75873.44,2,1,0,143656.67,0
100072,653,Spain,Female,54,9,80767.45,1,0,0,106758.4,1
100073,679,France,Male,35,3,99794.95,2,1,0,130671.44,0
100074,703,France,Female,40,9,0.0,1,1,0,73398.57,0
100075,637,France,Female,50,6,177834.61,1,1,1,41976.73,0
100076,639,France,Female,60,8,139133.77,3,1,0,95554.35,1
100077,781,Germany,Female,33,3,119233.85,2,1,0,189636.14,0
100078,765,Germany,Male,39,0,0.0,2,0,1,57141.89,0
100079,695,Spain,Male,57,3,93998.77,2,0,1,140030.22,0
100080,813,Germany,Female,24,10,88189.51,2,0,1,24221.06,0
100081,613,France,Female,49,8,99452.05,1,0,0,147848.46,1
100082,804,Spain,Female,29,8,62915.28,4,1,1,59110.88,0
100083,702,France,Male,40,9,97474.6,2,1,0,98530.66,0
100084,850,France,Male,37,4,56951.45,2,1,0,83034.32,0
100085,537,France,Male,29,3,149075.34,1,1,1,35875.46,0
100086,585,Germany,Female,29,10,0.0,1,0,1,78932.66,0
100087,690,France,Female,42,6,166471.18,1,0,1,79773.12,0
100088,688,France,Female,49,3,34940.84,1,1,1,111589.54,0
100089,835,Germany,Male,38,3,186772.97,1,1,0,194885.03,0
100090,587,France,Female,40,9,37383.56,2,1,1,101953.24,0
100091,736,Germany,Male,45,0,53472.75,3,0,1,184168.84,0
100092,760,France,Male,29,0,78304.67,1,1,0,100388.17,0
100093,717,France,Female,46,8,161231.99,1,1,0,34895.51,1
100094,559,France,Female,47,0,114699.66,2,1,0,57578.29,0
100095,784,Germany,Female,65,1,94515.34,1,0,1,90390.77,1
100096,767,France,Female,35,10,70917.02,3,0,0,75193.22,0
100097,707,France,Female,34,4,45834.79,1,1,0,175178.42,0
100098,669,France,Male,47,8,0.0,1,1,1,140549.44,0
100099,671,Spain,Female,47,5,139341.49,1,1,1,121987.06,0
100100,643,Spain,Female,34,0,0.0,3,1,0,105877.47,0
100101,711,Germany,Male,35,2,0.0,1,1,1,88495.06,0
100102,653,France,Male,44,8,0.0,2,1,1,128255.6,0
100103,569,Spain,Female,31,1,51482.93,1,1,1,38052.33,0
100104,550,Spain,Male,35,6,124989.47,1,1,0,45068.64,0
100105,579,Germany,Male,40,3,89102.17,3,1,0,71076.53,0
100106,671,France,Male,49,4,0.0,1,1,1,46669.15,0
100107,647,France,Male,33,10,0.0,1,1,0,140263.26,0
100108,670,France,Female,21,6,0.0,2,1,1,19582.14,0
100109,698,Spain,Male,20,6,0.0,3,1,0,44632.84,0
100110,590,France,Female,26,3,126551.22,1,1,1,181982.5,0
100111,789,France,Male,26,4,77755.1,1,1,1,199545.48,0
100112,625,France,Male,37,7,112580.37,4,1,1,105204.24,0
100113,609,Germany,Female,27,0,0.0,2,1,1,106643.46,0
100114,696,France,Female,32,2,99417.4,2,1,1,158078.77,0
100115,476,Spain,Male,31,6,-0.0,2,1,0,21695.07,1
100116,575,Spain,Male,35,6,37571.01,2,1,0,93998.97,1
100117,743,Germany,Female,52,1,91140.59,1,1,1,33468.16,1
100118,485,France,Male,46,8,0.0,1,1,1,89171.38,0
100119,756,Germany,Male,39,5,27568.05,2,0,1,197007.04,0
100120,794,Germany,Male,34,2,51526.03,2,1,1,154422.16,0
100121,615,Germany,Female,35,8,0.0,3,1,0,197233.49,0
100122,678,France,Female,42,10,181085.18,2,1,1,153019.0,0
100123,756,France,Male,45,4,113693.42,1,1,1,127500.36,0
100124,606,France,Female,30,3,0.0,2,1,1,154530.85,0
100125,732,France,Male,39,3,0.0,2,1,1,136931.96,0
100126,586,France,Female,19,6,83043.27,1,1,1,100852.22,0
100127,605,France,Male,41,0,108533.93,2,1,1,69121.07,0
100128,574,France,Female,47,5,76693.56,2,1,0,111232.94,0
100129,683,Germany,Female,36,0,136143.58,1,1,1,62821.29,0
100130,760,France,Male,57,0,35930.31,2,1,0,105035.12,0
100131,633,Spain,Male,30,4,143269.44,2,1,0,42035.05,0
100132,529,Germany,Male,41,8,0.0,3,1,0,119598.09,1
100133,547,France,Male,39,9,95767.0,1,0,0,60377.48,0
100134,687,Germany,Male,38,0,34351.66,2,1,0,69317.5,0
100135,825,France,Male,38,2,62869.09,1,0,1,107320.21,0
100136,687,Spain,Female,40,4,156542.01,2,1,1,45067.36,0
100137,613,France,Male,47,6,0.0,1,1,1,193040.28,0
100138,723,Spain,Male,53,10,116971.13,3,1,0,97684.7,1
100139,627,France,Female,39,7,67180.12,3,1,0,80171.66,0
100140,614,France,Female,47,5,0.0,2,1,1,20401.37,0
100141,559,France,Male,32,0,0.0,2,1,1,171002.06,0
100142,784,Spain,Male,47,0,109294.94,1,1,1,130779.27,0
100143,409,Germany,Male,31,1,120937.56,2,1,1,92034.95,0
100144,726,France,Male,50,7,118786.43,1,1,1,60423.57,0
100145,606,France,Male,61,3,0.0,2,1,1,152850.42,1
100146,611,France,Female,38,2,90291.81,1,0,1,189912.8,0
100147,811,Germany,Female,18,7,0.0,2,0,1,85449.8,0
100148,582,France,Female,34,8,0.0,1,1,1,39952.07,1
100149,585,France,Female,51,4,92645.87,2,0,0,35201.03,1
100150,638,Spain,Male,45,9,0.0,2,1,0,16176.96,0
100151,689,Spain,Male,41,8,64107.47,1,0,0,152631.76,1
100152,608,France,Female,49,7,151457.99,1,1,1,196558.15,0
100153,500,Germany,Female,44,9,0.0,2,0,1,198671.28,0
100154,568,France,Male,51,2,0.0,2,0,0,160076.49,0
100155,772,Germany,Female,48,8,135450.56,1,1,1,45004.0,0
100156,657,France,Male,54,10,0.0,1,1,0,195876.25,1
100157,693,Germany,Female,43,10,0.0,1,1,0,75645.49,0
100158,625,Germany,Male,48,6,20271.37,2,1,1,76719.63,0
100159,587,Spain,Female,36,8,0.0,2,0,0,142157.34,0
100160,809,France,Male,33,9,127627.4,1,1,0,24074.1,1
100161,632,Spain,Female,56,9,58661.99,2,1,1,167767.4,0
100162,608,France,Male,41,9,0.0,2,0,0,199500.0,0
100163,754,France,Female,47,9,41513.52,2,1,1,158387.91,0
100164,581,Germany,Female,40,4,94942.81,1,1,1,159610.15,0
100165,594,France,Male,33,8,55677.11,1,1,1,87208.03,0
100166,651,Spain,Female,39,4,0.0,1,1,1,27195.46,0
100167,650,Spain,Female,53,8,83453.58,1,1,0,161643.48,1
100168,675,France,Female,45,8,0.0,1,0,1,125474.25,0
100169,849,Spain,Female,22,10,76668.44,1,1,0,183227.66,0
100170,682,France,Female,37,6,0.0,1,1,0,36453.14,0
100171,424,Germany,Male,57,5,48501.24,2,0,1,71447.77,0
100172,681,France,Female,37,1,0.0,1,0,0,81721.39,0
100173,654,Spain,Male,21,7,89512.48,2,1,1,141406.75,0
100174,654,France,Male,58,6,10304.31,1,1,0,160732.86,1
100175,673,France,Female,46,5,78198.93,2,1,1,192788.78,0
100176,647,France,Male,38,7,0.0,1,1,0,69650.32,0
100177,645,Spain,Male,35,9,72261.58,2,1,0,106322.74,0
100178,708,Spain,Male,50,1,169402.99,2,1,1,20357.77,0
100179,599,Germany,Female,34,4,68163.53,1,1,0,61802.76,1
100180,560,Spain,Female,50,7,126646.55,2,1,1,84190.65,0
100181,850,Spain,Female,44,9,0.0,1,0,0,124854.15,0
100182,582,Germany,Male,41,8,124358.34,2,0,1,102106.42,0
100183,660,France,Male,40,8,0.0,1,1,1,82427.89,0
100184,508,Spain,Male,37,9,0.0,1,0,1,130454.42,0
100185,661,Germany,Female,49,10,0.0,1,1,1,168293.9,0
100186,561,France,Male,30,6,70401.71,3,1,0,59711.01,0
100187,608,France,Female,23,2,146954.09,1,1,1,78432.04,0
100188,749,Germany,Male,45,6,86497.76,2,1,1,145410.88,0
100189,695,France,Female,45,7,0.0,1,1,1,158919.01,0
100190,704,Spain,Male,44,1,45397.39,1,0,1,167698.42,0
100191,482,France,Male,43,8,78844.49,1,1,1,53726.28,0
100192,825,France,Female,36,5,67361.83,3,0,1,114764.39,0
100193,537,Spain,Female,47,10,0.0,2,1,0,181502.05,1
100194,795,France,Male,39,2,109007.5,1,0,1,87510.83,0
100195,747,France,Female,34,9,124893.95,2,0,1,94528.37,0
100196,705,Germany,Male,36,4,83907.53,1,0,1,197192.24,0
100197,569,Spain,Male,59,6,65000.11,1,1,0,35914.74,0
100198,664,France,Male,22,7,0.0,2,0,1,145536.37,0
100199,605,France,Female,44,6,60727.68,1,1,1,172284.06,0
100200,653,Spain,Female,22,9,0.0,1,1,1,42896.8,0
100201,626,Spain,Female,38,1,100075.54,2,1,0,147173.85,0
100202,456,Germany,Male,35,8,90976.19,1,1,0,101901.57,0
100203,757,France,Female,18,10,0.0,3,0,0,172784.81,0
100204,642,France,Female,43,2,101716.33,2,1,0,182878.68,0
100205,604,France,Female,35,2,0.0,2,1,1,176409.71,0
100206,597,France,Male,18,5,0.0,2,1,0,26911.25,0
100207,684,Germany,Female,47,7,150481.47,3,1,1,155018.23,1
100208,565,France,Male,53,10,108607.03,1,1,0,185482.6,1
100209,436,Germany,Male,54,8,32692.58,2,1,0,129949.46,1
100210,689,Germany,Male,43,8,120140.82,2,0,1,126162.07,0
100211,699,Germany,Male,39,4,0.0,3,1,1,23326.0,0
100212,631,France,Male,52,7,67396.5,1,0,0,173366.11,1
100213,541,Spain,Male,56,2,55770.47,2,1,0,23584.66,0
100214,658,Germany,Female,50,5,0.0,2,1,1,72999.28,0
100215,511,Germany,Male,30,2,20483.57,1,0,1,186284.67,0
100216,552,France,Male,41,0,68986.12,3,0,0,190702.85,0
100217,579,France,Male,43,9,0.0,1,1,1,198501.6,0
100218,730,Spain,Male,21,8,172869.61,1,1,0,103134.42,0
100219,616,France,Male,44,5,128815.9,2,1,1,47824.47,0
100220,607,France,Male,62,0,0.0,1,1,0,105269.73,1
100221,836,France,Male,45,0,170762.2,1,1,1,33927.89,0
100222,683,Germany,Female,54,1,0.0,1,1,1,176419.18,1
100223,682,Spain,Female,41,7,0.0,1,0,0,118699.39,0
100224,615,France,Female,38,2,125974.74,2,1,0,89833.59,1
100225,593,Spain,Female,43,2,67112.03,3,1,0,29713.18,1
100226,442,France,Female,31,9,0.0,2,1,0,89969.53,0
100227,742,Germany,Female,29,9,82902.72,1,1,0,175245.45,0
100228,693,Germany,Male,52,8,134891.12,2,0,0,145130.1,1
100229,633,France,Female,53,3,25897.39,2,0,1,30254.27,0
100230,637,France,Male,29,6,119403.97,2,0,0,44582.83,1
100231,720,France,Male,49,2,87279.41,1,0,1,87577.07,0
100232,502,Spain,Female,38,9,0.0,1,1,0,33754.39,0
100233,594,Germany,Female,42,0,103108.83,3,0,1,187797.62,1
100234,542,Spain,Female,44,8,158716.87,2,1,0,135674.03,0
100235,818,Spain,Male,49,5,126827.35,1,1,1,32542.26,0
100236,733,France,Female,40,8,99517.14,2,1,0,160790.63,0
100237,441,Spain,Male,53,4,0.0,1,1,0,83155.1,1
100238,506,France,Male,42,1,0.0,1,1,1,60301.07,0
100239,637,France,Male,45,8,125292.13,2,1,1,120447.21,0
100240,605,Spain,Female,31,6,6431.04,2,1,1,17473.84,0
100241,524,Spain,Female,61,5,62749.9,1,1,0,101098.57,1
100242,835,France,Female,44,4,164516.55,3,1,0,171103.92,1
100243,680,Germany,Female,46,3,0.0,2,1,1,186690.66,1
100244,695,Germany,Female,23,5,0.0,1,1,1,78372.62,0
100245,584,Spain,Male,31,2,135377.46,2,1,1,133850.77,0
100246,719,Germany,Male,51,3,73792.65,2,1,0,56962.34,0
100247,614,France,Male,42,3,19205.04,2,1,0,118639.42,0
100248,623,France,Male,20,0,0.0,4,1,1,61995.13,0
100249,708,France,Female,49,10,194354.65,2,1,1,120700.95,0
100250,495,Germany,Male,34,2,67879.08,1,1,0,46768.59,0
100251,802,Spain,Male,53,1,0.0,1,1,1,189128.02,0
100252,667,France,Male,38,1,0.0,2,1,1,179079.73,0
100253,772,France,Male,41,10,157235.73,4,1,0,77329.88,0
100254,548,France,Female,51,5,94554.62,1,0,0,158682.63,1
100255,562,Germany,Female,30,3,78086.03,1,1,1,32668.26,0
100256,540,Spain,Female,29,4,165779.38,2,1,0,151966.77,0
100257,674,France,Female,37,0,129918.25,1,1,1,67254.94,0
100258,656,France,Male,47,3,0.0,1,1,1,40093.73,0
100259,606,Germany,Female,26,2,52385.89,3,1,0,140465.38,0
100260,554,France,Male,22,8,154801.31,2,1,1,101914.26,0
100261,530,Spain,Male,47,0,105721.89,3,0,0,113075.83,1
100262,645,France,Female,33,4,38390.25,2,0,0,111298.01,0
100263,606,France,Female,35,8,28326.03,1,1,1,25997.88,0
100264,585,Spain,Male,20,9,0.0,3,1,1,24505.35,0
100265,797,France,Male,32,5,51702.16,1,1,0,126215.99,0
100266,642,France,Female,39,2,17018.69,1,0,1,130414.96,0
100267,771,France,Female,48,3,0.0,3,1,1,23727.29,1
100268,599,France,Male,31,2,0.0,2,1,1,85011.28,0
100269,673,France,Female,56,7,85104.7,3,1,1,128377.49,0
100270,645,France,Male,32,3,0.0,1,1,0,136485.92,0
100271,489,France,Female,32,6,0.0,3,1,0,168231.02,1
100272,786,France,Female,54,7,97794.28,2,1,1,92835.47,0
100273,637,Germany,Male,41,10,126897.98,2,1,0,116427.69,0
100274,721,Germany,Male,33,4,94795.32,3,0,1,122033.67,0
100275,579,France,Male,37,10,122206.58,1,0,0,72728.38,0
100276,634,France,Female,53,4,117066.44,2,1,0,24957.7,0
100277,568,Germany,Male,54,7,110271.31,2,1,0,15781.8,1
100278,767,Spain,Male,31,7,0.0,2,1,0,169683.2,0
100279,680,Spain,Female,39,8,144178.41,3,1,0,52042.89,0
100280,685,France,Female,40,5,0.0,2,1,1,131597.11,0
100281,779,France,Female,29,8,120919.55,1,1,1,121753.78,0
100282,760,France,Male,38,3,70955.32,1,1,0,88932.12,0
100283,723,France,Female,39,5,124188.78,3,1,0,169196.26,0
100284,515,Germany,Male,50,5,45866.94,3,1,1,144204.3,0
100285,584,France,Female,51,7,57365.48,3,1,0,19207.17,0
100286,555,France,Male,36,6,119788.03,1,1,1,158688.4,0
100287,719,France,Female,37,0,0.0,1,1,1,108794.78,0
100288,666,Germany,Male,46,8,126613.71,2,0,1,79198.57,0
100289,518,France,Female,33,8,0.0,2,1,1,149473.66,0
100290,632,Spain,Female,45,1,121074.2,1,1,1,141922.14,0
100291,508,France,Male,38,10,112417.33,2,1,1,72458.82,0
100292,645,Spain,Male,29,7,83341.19,1,0,1,196862.19,0
100293,493,France,Male,29,0,0.0,2,1,0,135011.07,0
100294,700,Spain,Female,53,5,149069.81,1,1,0,127069.25,0
100295,686,Spain,Male,37,9,102286.03,1,1,0,27927.87,1
100296,831,Spain,Male,55,3,0.0,1,1,0,66673.97,0
100297,731,Spain,Male,34,10,173430.45,3,0,1,97690.19,0
100298,610,Spain,Female,42,4,104121.86,2,1,0,131665.76,0
100299,728,Germany,Male,63,2,0.0,3,1,0,109861.27,1
100300,517,Spain,Male,28,3,125821.71,1,0,0,156161.09,0
100301,559,France,Male,20,5,100794.33,1,1,1,63575.03,0
100302,682,Germany,Female,52,7,0.0,1,1,1,144899.04,0
100303,445,Germany,Female,31,10,121252.52,2,0,1,166070.45,0
100304,646,Spain,Male,39,2,0.0,1,1,0,156534.25,0
100305,553,France,Male,33,10,184216.74,2,1,0,157606.62,1
100306,660,France,Male,42,5,138903.29,2,1,1,179373.81,0
100307,548,Germany,Female,29,1,79394.26,3,1,1,30573.03,1
100308,690,France,Female,37,10,136349.59,1,0,1,143980.44,0
100309,652,France,Male,43,3,118238.23,2,1,1,194205.47,0
100310,783,France,Female,29,6,161305.33,1,1,0,121125.37,0
100311,651,France,Female,32,7,82448.47,1,0,1,55203.52,0
100312,577,France,Male,36,0,113113.07,2,1,1,199769.45,0
100313,627,France,Male,25,2,100738.97,2,0,1,47315.3,0
100314,522,France,Male,35,7,0.0,2,1,1,77078.17,0
100315,689,France,Female,40,3,0.0,1,1,0,46831.5,0
100316,706,France,Female,35,0,129764.2,4,1,0,100934.88,0
100317,850,Germany,Male,36,0,122972.46,4,1,1,92492.06,0
100318,591,France,Female,39,9,160264.62,1,0,1,105879.57,0
100319,625,Spain,Female,32,1,104568.89,3,1,0,186676.93,0
100320,595,Spain,Female,46,1,87290.9,1,1,0,103490.01,1
100321,670,France,Male,53,6,138939.66,2,1,1,110205.87,1
100322,686,France,Male,34,1,70849.21,3,1,0,179036.19,0
100323,645,Germany,Male,44,7,151654.34,2,0,0,166285.23,0
100324,753,Spain,Male,37,5,0.0,2,0,1,59348.58,0
100325,591,Germany,Female,43,7,159062.99,1,0,1,17391.3,1
100326,744,Spain,Female,55,5,0.0,2,0,1,131457.42,0
100327,701,Germany,Female,44,8,84080.66,2,0,1,171297.22,0
100328,649,Germany,Female,21,7,109695.07,1,1,0,117277.27,0
100329,620,France,Female,44,4,121342.96,1,1,1,54067.73,1
100330,850,Germany,Female,51,0,80913.91,2,1,1,152150.69,0
100331,572,France,Female,37,3,162324.0,2,1,1,138864.77,0
100332,678,Germany,Male,49,1,0.0,2,1,1,119531.02,0
100333,579,Spain,Male,32,0,66634.41,3,1,0,174717.19,0
100334,820,France,Female,24,3,0.0,2,1,0,160084.84,0
100335,734,Germany,Male,40,2,109187.74,1,1,0,138571.14,0
100336,586,France,Male,21,0,57953.57,1,1,0,137980.35,0
100337,699,Germany,Male,37,3,69299.07,2,1,1,137507.49,0
100338,674,France,Male,52,5,168974.69,2,1,0,112155.48,0
100339,601,Spain,Female,20,1,183474.35,2,1,1,100825.5,0
100340,722,France,Male,26,3,148407.86,2,1,0,146276.09,0
100341,687,Spain,Female,29,0,0.0,2,1,0,127941.48,0
100342,670,Spain,Female,38,0,157314.46,2,1,0,105646.4,0
100343,646,Germany,Female,35,1,128947.39,2,0,0,38432.35,0
100344,691,Spain,Female,53,4,119148.8,1,0,1,144856.83,0
100345,672,Spain,Female,49,7,128214.12,2,1,1,134509.74,1
100346,656,Spain,Female,44,8,0.0,2,0,0,78315.96,0
100347,589,France,Male,40,6,0.0,1,1,1,80919.79,0
100348,811,Germany,Female,43,6,136474.23,2,0,1,60643.64,1
100349,550,France,Female,30,10,0.0,2,1,1,192954.32,1
100350,691,Germany,Female,48,2,96125.99,2,0,0,174137.25,0
100351,620,France,Female,28,8,91530.35,2,1,0,118794.07,0
100352,817,Germany,Female,47,10,0.0,1,1,1,89305.83,0
100353,564,Germany,Female,51,6,77064.73,1,0,1,151312.67,1
100354,580,France,Female,41,9,48376.8,1,0,0,112629.71,1
100355,558,Germany,Male,37,1,154351.92,1,1,1,195532.44,0
100356,681,Spain,Male,43,9,85609.1,2,1,0,25197.68,0
100357,520,Spain,Male,18,6,105793.29,2,1,1,21342.86,1
100358,605,France,Male,42,2,78764.62,2,1,0,120193.04,0
100359,446,Germany,Male,38,0,159900.46,1,1,1,52606.66,0
100360,673,Spain,Male,38,7,141686.57,1,0,0,126796.27,1
100361,602,France,Male,46,4,94648.2,1,1,0,159563.26,0
100362,509,France,Male,38,3,0.0,2,1,1,40550.31,0
100363,753,France,Male,28,4,0.0,1,0,0,96512.52,0
100364,526,Germany,Male,38,10,129516.57,2,1,1,142403.41,0
100365,726,France,Female,40,4,113111.34,2,1,1,169264.76,0
100366,583,Spain,Female,40,0,0.0,2,0,0,106823.66,0
100367,802,Germany,Female,41,3,0.0,1,0,0,53138.41,0
100368,721,France,Female,49,1,137628.24,1,0,1,123372.86,0
100369,554,Spain,Male,28,7,103200.05,2,0,1,99085.66,0
100370,563,Spain,Female,41,8,124350.58,2,0,1,157806.2,1
100371,708,France,Male,52,9,0.0,1,1,0,117781.57,0
100372,625,France,Male,22,6,214815.58,3,0,1,66693.23,1
100373,634,France,Male,41,8,92794.05,2,1,1,154562.69,0
100374,771,France,Female,33,4,113754.5,1,1,1,110783.2,0
100375,579,France,Female,35,6,0.0,1,1,0,47846.11,0
100376,659,Spain,Male,30,1,87336.01,1,1,0,119168.38,0
100377,741,France,Male,37,5,105336.47,1,0,1,190439.21,0
100378,727,France,Male,57,6,104814.04,1,0,1,145520.51,0
100379,635,Germany,Male,26,0,65696.36,2,0,0,70278.62,0
100380,623,Germany,Male,27,6,123859.35,1,1,1,146511.54,0
100381,485,Spain,Female,26,7,0.0,3,1,0,67282.17,0
100382,550,Spain,Female,56,4,180366.46,3,1,0,115397.43,1
100383,680,France,Female,34,5,139097.75,1,1,0,112420.22,0
100384,637,France,Male,39,3,0.0,1,1,0,60767.31,1
100385,657,Spain,Male,35,2,0.0,2,0,0,79358.02,0
100386,749,Germany,Female,30,1,70921.27,4,1,0,189303.57,1
100387,537,Spain,Male,37,3,164741.84,3,0,0,61360.73,0
100388,628,France,Female,64,8,250000.0,1,1,1,163190.0,0
100389,668,Spain,Female,53,10,0.0,1,1,1,138463.56,0
100390,583,Germany,Female,30,6,0.0,1,0,1,113536.39,0
100391,786,France,Female,45,6,0.0,2,1,0,40440.25,0
100392,736,Germany,Male,31,6,68557.62,2,1,1,52845.59,0
100393,678,Germany,Female,21,5,147792.49,2,0,0,48110.86,0
100394,820,France,Male,49,4,57648.08,2,1,1,123556.94,0
100395,508,France,Male,51,6,52944.84,1,1,1,195075.89,0
100396,649,Spain,Female,49,8,0.0,2,0,0,177289.26,0
100397,685,France,Female,34,4,146956.07,1,0,0,19671.6,1
100398,563,France,Male,37,6,102531.2,2,0,1,65639.43,0
100399,679,France,Female,46,5,109336.9,2,0,1,44092.63,0
100400,545,France,Male,43,3,0.0,2,1,1,195500.4,0
100401,716,Spain,Female,35,3,56594.19,1,1,1,58587.89,0
100402,750,Spain,Male,23,0,0.0,2,1,1,52242.94,0
100403,676,France,Male,40,4,0.0,2,1,0,129861.93,0
100404,474,Spain,Female,50,7,0.0,1,1,1,117894.52,0
100405,558,Spain,Female,27,7,0.0,1,1,0,56782.52,0
100406,704,France,Male,45,10,0.0,2,1,1,139017.5,0
100407,652,Spain,Female,42,0,129840.05,1,0,0,32946.33,1
100408,394,France,Female,47,8,0.0,1,1,1,18583.28,0
100409,768,Spain,Female,48,8,49373.52,1,1,1,30246.74,0
100410,663,Germany,Female,32,4,92244.83,1,1,0,82500.62,0
100411,572,Germany,Male,23,3,184810.57,1,1,0,195378.02,0
100412,745,France,Male,34,3,62827.2,2,0,0,116240.69,0
100413,586,Spain,Female,48,7,123345.43,1,1,1,154624.33,0
100414,585,France,Male,34,9,0.0,2,0,1,74476.71,0
100415,684,France,Female,32,7,151994.16,1,1,0,148077.73,1
100416,819,France,Female,21,5,117705.07,1,1,0,193743.52,0
100417,804,Spain,Male,57,7,86454.29,1,1,1,81185.76,0
100418,684,France,Male,47,0,107870.86,2,1,0,199826.0,0
100419,694,Spain,Female,47,6,108498.91,3,0,1,133105.84,0
100420,725,Germany,Female,49,0,101057.11,2,1,0,153489.41,0
100421,531,France,Male,45,10,48278.21,1,1,0,61650.94,0
100422,711,France,Male,37,9,158452.81,1,1,0,133971.79,0
100423,580,France,Female,37,5,150856.64,1,0,1,109536.16,0
100424,680,Germany,Female,35,4,60099.87,2,0,0,191934.49,0
100425,628,Spain,Male,65,8,92068.8,1,1,0,182364.88,1
100426,698,France,Female,45,7,95321.32,3,1,1,88384.43,1
100427,661,Spain,Female,34,7,55269.69,2,1,1,190170.9,0
100428,358,France,Female,44,5,0.0,2,1,0,178690.32,1
100429,667,Spain,Female,29,2,0.0,2,1,0,124221.01,0
100430,711,Spain,Female,54,0,89674.7,1,1,1,30191.81,0
100431,692,Spain,Male,32,3,0.0,2,0,0,44746.19,0
100432,640,Germany,Male,44,5,112610.04,1,1,1,29221.74,1
100433,806,Spain,Male,50,4,155002.82,2,1,0,34978.73,1
100434,680,France,Male,43,5,141210.99,2,0,0,195736.19,0
100435,692,France,Female,40,3,99552.52,1,0,0,54250.95,0
100436,749,France,Female,39,10,25862.3,2,1,1,142808.1,0
100437,684,Germany,Male,38,4,135775.2,1,0,0,132757.73,0
100438,565,Germany,Female,33,9,0.0,1,1,0,131761.8,0
100439,418,Germany,Male,35,4,123247.1,2,0,0,53240.24,1
100440,605,Spain,Male,54,4,0.0,1,0,1,122179.12,0
100441,722,France,Female,38,6,69533.1,3,0,0,130724.59,0
100442,616,Germany,Female,31,2,0.0,2,1,1,120524.98,0
100443,726,France,Female,34,2,59701.45,2,1,1,49440.06,0
100444,664,France,Female,50,4,125899.94,1,1,0,148766.21,1
100445,772,Germany,Female,46,8,106157.81,1,0,1,28549.98,0
100446,622,Spain,Female,45,1,52727.65,3,1,1,124372.0,0
100447,694,Germany,Male,36,4,43952.15,1,1,0,95707.98,0
100448,698,France,Male,45,7,89751.81,2,1,0,61303.02,1
100449,793,Germany,Male,33,7,0.0,1,1,0,164366.96,0
100450,488,France,Female,36,4,127387.24,1,1,0,47540.12,0
100451,606,Spain,Female,49,0,0.0,2,1,1,187601.63,0
100452,731,Germany,Female,48,0,78033.93,2,1,1,178644.53,0
100453,797,France,Female,29,5,72394.11,2,1,1,81708.7,0
100454,673,France,Male,30,8,0.0,3,0,0,71453.29,0
100455,622,France,Female,40,0,106832.2,1,1,0,40435.04,1
100456,722,Spain,Female,56,9,0.0,1,1,0,184520.65,0
100457,733,France,Male,20,7,0.0,1,0,1,131093.39,0
100458,616,Spain,Female,42,0,0.0,2,1,0,20879.96,0
100459,681,Germany,Female,25,3,0.0,1,1,1,109534.89,0
100460,762,Germany,Female,33,2,73593.65,2,0,1,30872.81,0
100461,830,France,Male,35,10,88028.98,1,1,0,121143.88,0
100462,721,Spain,Male,35,6,193803.4,2,1,1,109157.92,0
100463,654,France,Female,34,3,47000.04,2,1,1,30326.52,0
100464,645,Germany,Male,39,3,86984.01,3,1,1,165934.21,1
100465,703,Germany,Male,34,6,109225.48,1,1,0,63528.68,0
100466,639,Germany,Male,24,0,91956.69,4,1,0,115174.61,0
100467,668,Spain,Female,47,2,0.0,1,1,1,133222.19,0
100468,550,France,Female,47,1,91734.59,1,0,0,193026.34,1
100469,773,Germany,Male,47,6,94914.72,1,1,1,106355.16,0
100470,542,France,Female,24,7,0.0,1,1,0,184703.42,0
100471,609,France,Male,42,5,182860.6,2,1,1,80648.61,0
100472,659,France,Male,46,1,165522.43,1,0,1,173625.88,0
100473,839,France,Female,29,4,99123.88,1,0,0,58627.85,0
100474,610,France,Male,39,9,102870.89,2,1,0,145883.76,0
100475,587,France,Male,38,2,107008.93,2,0,1,31393.22,0
100476,598,France,Male,57,1,111320.97,2,1,0,197419.32,1
100477,808,Germany,Female,58,1,68564.03,2,1,1,191478.23,0
100478,383,Germany,Male,22,8,0.0,1,1,1,96809.52,0
100479,555,France,Male,64,1,113884.19,2,0,0,111928.02,0
100480,850,France,Male,30,6,103071.18,1,1,1,125588.35,0
100481,706,France,Male,49,10,50340.75,1,1,1,65881.95,0
100482,545,Germany,Male,49,7,107678.31,1,1,1,139777.22,0
100483,646,France,Female,29,4,23591.87,2,1,0,144233.96,0
100484,656,France,Female,44,2,79989.08,1,1,0,112139.15,0
100485,730,France,Female,38,0,0.0,2,1,0,42332.03,0
100486,825,France,Male,45,1,0.0,1,1,1,185049.4,0
100487,687,France,Male,41,10,0.0,1,1,1,36283.34,0
100488,599,Germany,Male,51,1,129592.02,1,1,1,131396.85,1
100489,725,Germany,Female,40,0,0.0,1,1,0,34071.39,0
100490,584,Germany,Male,37,8,132744.12,1,1,1,42028.63,1
100491,552,Germany,Male,50,4,153377.3,2,1,1,18799.59,0
100492,483,Germany,Female,45,3,184856.48,2,1,1,82222.36,0
100493,501,France,Male,46,7,73531.02,1,1,0,133322.77,1
100494,565,Spain,Male,32,5,70724.51,2,0,1,111485.68,0
100495,538,Germany,Male,29,10,133758.87,1,0,0,139789.74,0
100496,680,France,Female,33,5,0.0,1,1,0,139878.49,0
100497,536,Germany,Male,33,7,114475.21,1,1,1,40932.14,0
100498,351,France,Male,47,9,0.0,2,1,1,25607.42,0
100499,551,Germany,Male,49,5,79360.88,1,1,0,130691.26,1
100500,605,Germany,Male,37,3,174692.88,2,1,1,135846.5,1
100501,592,Spain,Male,53,10,0.0,1,1,1,117990.19,0
100502,794,Spain,Female,53,2,0.0,2,1,0,60466.06,0
100503,592,Germany,Male,41,0,127541.82,1,0,1,164991.57,0
100504,734,Germany,Female,31,6,37102.43,2,1,0,29001.91,0
100505,648,Spain,Male,55,10,69276.45,2,0,0,131977.68,1
100506,646,France,Female,38,0,0.0,1,1,0,37276.13,1
100507,571,Spain,Female,40,9,0.0,1,1,1,136072.83,0
100508,644,France,Male,36,9,89217.49,2,1,0,92279.27,0
100509,577,France,Female,30,10,101319.64,4,1,0,147849.07,1
100510,666,France,Male,24,4,0.0,3,1,1,24655.56,0
100511,628,Spain,Female,45,2,0.0,1,0,1,117690.35,0
100512,560,France,Male,31,5,108061.41,2,0,1,41802.41,0
100513,744,France,Male,70,1,126457.04,1,1,1,141240.6,0
100514,691,France,Female,28,9,81753.1,1,1,0,37191.79,0
100515,607,France,Male,26,7,76937.02,2,1,0,28612.91,0
100516,664,France,Female,44,5,187245.44,2,0,1,146927.72,1
100517,642,Germany,Male,54,5,22580.97,2,1,1,26753.41,0
100518,568,France,Male,40,7,0.0,2,1,0,56538.2,1
100519,657,Spain,Male,45,5,0.0,1,1,0,167576.01,0
100520,591,Spain,Female,21,9,87584.95,2,0,0,164792.34,0
100521,560,France,Female,32,10,77561.94,1,1,0,173013.27,0
100522,496,France,Male,28,10,62602.96,1,0,1,75328.48,0
100523,616,Germany,Male,20,6,0.0,1,1,1,112688.89,0
100524,704,France,Male,40,8,-0.0,3,0,0,158069.26,0
100525,584,France,Female,18,3,0.0,2,1,1,40342.32,0
100526,850,Spain,Female,26,0,101117.53,1,1,1,149012.31,0
100527,734,Spain,Male,34,4,46551.11,2,0,0,33034.97,0
100528,774,Spain,Female,31,9,170068.41,3,1,0,183951.36,0
100529,726,France,Female,43,1,79438.29,3,1,1,132902.38,0
100530,826,Germany,Male,42,6,0.0,2,1,0,106261.48,0
100531,575,Germany,Female,48,2,79534.58,1,1,1,104674.91,0
100532,407,France,Male,47,4,0.0,2,0,1,48551.98,0
100533,608,Germany,Female,50,1,0.0,2,1,1,78994.71,0
100534,703,France,Male,39,8,211339.68,3,1,1,149517.88,0
100535,664,France,Male,42,8,137062.49,2,1,1,115074.57,0
100536,676,Germany,Male,44,8,0.0,1,1,1,112921.65,0
100537,775,France,Female,40,7,0.0,1,1,0,51120.49,0
100538,686,France,Male,35,2,115701.46,2,0,1,142717.03,0
100539,726,Spain,Male,36,5,0.0,1,1,1,87526.27,0
100540,561,Spain,Female,31,1,139073.25,1,1,1,48809.37,0
100541,546,Germany,Female,43,4,111191.46,2,1,1,189600.18,0
100542,803,Spain,Female,38,5,0.0,2,1,0,108757.77,0
100543,660,Spain,Male,32,7,0.0,2,0,1,112686.78,0
100544,591,France,Male,32,1,0.0,2,0,1,196553.8,0
100545,591,France,Male,27,8,38618.86,2,1,1,82785.14,0
100546,588,France,Male,49,5,35113.43,2,1,1,189458.83,0
100547,583,France,Male,40,9,113293.78,2,1,1,143561.19,0
100548,528,Spain,Female,30,5,0.0,1,1,1,132122.69,0
100549,507,France,Female,47,6,104694.11,2,1,0,58367.39,0
100550,631,France,Male,33,7,0.0,1,1,0,24574.8,0
100551,594,France,Female,25,9,0.0,1,0,1,95990.01,1
100552,755,France,Male,49,1,66122.78,1,1,1,16881.63,0
100553,678,Spain,Male,34,5,143643.34,2,1,1,28135.46,0
100554,675,France,Female,35,0,0.0,2,0,0,125135.45,1
100555,579,France,Male,39,5,123966.25,3,0,0,149027.29,0
100556,639,France,Female,50,8,53553.1,4,0,0,46070.44,1
100557,684,France,Male,39,9,0.0,3,0,1,150512.58,0
100558,718,Germany,Male,27,3,0.0,1,1,1,190699.28,0
100559,641,France,Male,44,4,146717.64,3,0,1,152487.57,1
100560,753,France,Female,34,6,0.0,2,1,0,160172.32,0
100561,651,France,Female,58,4,81541.0,3,0,1,144631.83,0
100562,725,Spain,Female,39,1,62486.47,1,0,1,56576.43,0
100563,603,Germany,Female,18,3,76774.24,1,1,0,81764.64,0
100564,478,Germany,Female,43,4,44840.1,3,0,1,190614.39,0
100565,675,Germany,Female,58,5,99058.44,1,1,1,137323.96,0
100566,719,Spain,Male,55,10,132224.95,1,1,0,160969.58,1
100567,705,France,Female,57,5,0.0,1,0,0,194208.5,0
100568,690,France,Female,29,4,0.0,1,0,1,57815.83,0
100569,617,Germany,Male,48,7,95518.57,1,1,1,74512.03,0
100570,573,France,Male,32,8,0.0,4,1,1,134288.31,0
100571,702,Spain,Male,41,4,0.0,3,1,1,19506.13,0
100572,691,France,Male,26,5,0.0,3,1,0,120675.53,0
100573,597,Spain,Male,33,2,68621.09,1,1,1,164607.35,0
100574,755,Spain,Male,32,9,0.0,1,1,1,127932.02,0
100575,566,Germany,Male,48,9,127754.95,1,1,0,69647.76,0
100576,595,Spain,Male,47,1,99190.24,1,1,1,148959.26,0
100577,805,Germany,Female,42,3,107356.82,1,0,0,42015.85,0
100578,733,Spain,Female,25,2,0.0,2,1,0,180533.09,0
100579,616,France,Female,36,10,162279.47,4,1,0,33669.28,1
100580,677,France,Female,32,0,0.0,2,1,1,174745.86,0
100581,665,Germany,Male,48,2,132856.89,1,1,0,107094.74,0
100582,389,France,Female,51,3,114702.82,1,1,0,94299.7,1
100583,564,France,Female,50,6,0.0,1,0,1,107622.43,0
100584,645,Spain,Female,31,2,119090.4,1,1,0,52038.17,1
100585,616,Germany,Male,18,5,30765.52,2,1,1,99671.83,0
100586,673,France,Female,21,8,167893.62,1,1,1,172198.17,1
100587,757,France,Male,53,9,127142.6,2,1,0,163176.72,0
100588,619,France,Male,35,1,67796.5,2,1,0,45163.98,0
100589,550,France,Female,31,1,79827.36,1,1,1,139582.88,0
100590,681,Spain,Male,55,1,31764.7,1,1,0,173514.89,0
100591,619,France,Female,52,10,0.0,1,0,0,166657.0,1
100592,635,France,Female,39,7,84242.52,1,1,1,93742.0,0
100593,622,Germany,Male,36,5,48020.25,2,1,1,23897.18,1
100594,850,France,Male,38,8,138398.2,2,1,1,187266.34,0
100595,437,France,Female,41,6,159902.28,3,0,1,88238.75,0
100596,613,Germany,Male,55,2,103823.5,2,1,1,81780.68,1
100597,650,Germany,Female,43,5,91857.18,1,1,1,155510.26,0
100598,576,Spain,Male,46,7,0.0,1,1,1,63834.86,1
100599,735,Germany,Male,51,0,0.0,1,0,1,169428.37,0
100600,727,France,Male,27,6,58466.29,1,1,1,29069.54,0
100601,645,Spain,Male,47,5,0.0,3,0,1,152031.57,0
100602,624,Spain,Female,36,0,0.0,2,1,0,193671.06,0
100603,639,Germany,Male,18,2,0.0,1,1,1,199217.23,0
100604,640,Spain,Male,18,4,105401.48,1,1,1,185903.81,0
100605,643,Spain,Male,29,3,114045.88,1,1,0,176091.05,0
100606,632,Spain,Female,44,3,39432.4,3,1,0,66592.84,0
100607,674,France,Female,40,7,0.0,1,1,1,193829.95,0
100608,722,Germany,Female,41,4,105146.88,1,0,0,186660.87,0
100609,533,France,Female,59,5,0.0,1,0,0,113858.91,0
100610,550,Germany,Female,26,8,88331.72,2,1,0,89384.37,1
100611,484,Germany,Female,39,1,118908.72,2,1,0,35214.44,0
100612,732,Spain,Male,42,3,0.0,2,1,1,124267.3,0
100613,674,Spain,Female,32,0,113345.94,1,1,0,144601.0,0
100614,698,France,Male,39,10,0.0,1,1,0,89739.37,0
100615,514,Germany,Male,23,2,62562.36,2,1,1,90115.47,0
100616,820,Germany,Male,53,9,0.0,1,1,0,121062.61,0
100617,592,France,Female,32,2,55158.63,1,0,0,20140.06,0
100618,666,France,Male,59,3,123366.2,2,0,1,192205.19,0
100619,731,France,Male,39,6,84637.12,1,0,1,68632.56,0
100620,556,Spain,Male,49,9,96858.54,1,1,1,41064.81,0
100621,598,France,Male,38,1,0.0,2,1,1,16015.35,0
100622,667,Spain,Male,39,2,162754.47,2,1,1,173524.94,0
100623,850,France,Male,33,9,93054.72,1,0,0,174693.36,0
100624,679,Spain,Male,40,3,52751.14,1,1,1,32631.72,0
100625,803,France,Female,42,2,0.0,2,0,1,43164.64,0
100626,765,Spain,Male,31,8,0.0,1,1,0,97861.91,0
100627,685,France,Male,38,1,0.0,1,0,1,49355.27,0
100628,556,Germany,Male,33,9,141180.9,2,1,0,151126.91,0
100629,751,Spain,Male,62,9,125383.48,2,0,1,25737.35,0
100630,508,Spain,Female,38,9,10544.67,4,1,1,116696.23,0
100631,802,Spain,Male,54,3,134900.34,1,1,1,85816.44,0
100632,669,France,Female,37,1,0.0,1,1,0,101015.1,1
100633,398,France,Female,42,4,90851.77,2,0,1,93580.07,0
100634,618,France,Female,26,3,0.0,2,1,1,43334.45,0
100635,712,France,Female,35,10,0.0,1,1,0,55752.07,0
100636,627,Germany,Female,41,6,0.0,2,1,0,26989.42,0
100637,718,Germany,Female,55,10,0.0,1,1,1,36327.83,0
100638,569,Spain,Male,41,8,92708.89,2,1,0,195910.54,0
100639,526,Spain,Male,53,7,111719.37,2,1,1,66760.56,0
100640,643,Germany,Female,45,1,0.0,1,1,1,71799.72,0
100641,653,Spain,Male,55,0,0.0,3,1,0,38514.67,1
100642,617,France,Female,38,0,167418.26,4,0,1,154705.38,0
100643,767,France,Male,63,6,0.0,1,1,0,185966.42,0
100644,569,Germany,Female,34,2,86535.38,1,0,1,161103.85,0
100645,680,Spain,Male,31,10,57323.78,2,1,1,128333.93,0
100646,656,France,Female,27,1,42915.9,1,1,0,165448.09,0
100647,502,Germany,Male,62,10,116685.42,1,0,1,89782.59,0
100648,525,Germany,Female,47,7,73296.78,1,1,1,174007.01,0
100649,651,France,Male,36,1,156572.34,3,1,1,162725.99,0
100650,838,France,Female,51,0,75780.48,1,1,0,15319.06,0
100651,705,Spain,Male,46,4,66271.15,2,0,1,105241.91,0
100652,486,Germany,Male,59,3,115045.93,1,1,1,63954.07,1
100653,355,France,Male,24,3,75499.99,1,1,0,30953.09,0
100654,720,Spain,Male,36,5,105367.65,3,1,1,171546.27,0
100655,641,France,Male,34,1,0.0,1,1,0,16470.69,0
100656,758,Spain,Female,19,1,110040.86,1,0,1,150080.25,0
100657,566,France,Female,50,7,110201.47,1,0,0,197815.54,0
100658,683,Germany,Female,36,10,113821.31,2,1,1,104173.66,0
100659,730,France,Female,46,3,32196.74,1,1,0,83679.5,0
100660,607,France,Male,63,10,0.0,1,1,0,127079.1,1
100661,610,Spain,Male,35,3,0.0,1,1,1,163869.1,0
100662,652,France,Male,35,3,143394.59,1,1,1,59446.62,0
100663,702,France,Male,40,0,131049.86,1,1,1,61379.76,0
100664,649,France,Male,49,4,96316.21,2,0,1,127327.93,0
100665,743,Germany,Male,33,5,149392.89,1,1,0,188877.77,0
100666,606,Spain,Male,33,7,0.0,1,0,1,70211.4,0
100667,524,Spain,Female,50,1,115627.76,2,1,0,84699.61,1
100668,838,France,Male,43,2,91620.57,2,1,0,198766.66,0
100669,593,France,Male,19,4,124855.59,1,1,1,47601.1,0
100670,596,France,Female,27,0,88810.94,1,1,1,29239.11,0
100671,644,Germany,Female,54,1,0.0,1,1,0,124104.72,0
100672,656,Spain,Male,43,6,191746.6,3,1,0,19489.39,0
100673,613,Germany,Male,31,10,142579.34,1,1,1,48380.15,0
100674,648,Germany,Male,37,6,171275.76,1,0,0,130108.7,0
100675,646,France,Male,39,1,38813.78,1,1,0,137009.79,0
100676,667,Spain,Female,46,10,43880.76,1,1,0,109428.67,0
100677,426,France,Female,25,5,91172.9,1,0,0,85993.39,0
100678,829,France,Male,31,7,106772.93,1,1,0,121596.55,0
100679,636,France,Male,42,2,96477.08,2,0,1,134026.36,0
100680,705,France,Male,38,6,34388.18,2,1,0,163644.18,0
100681,519,France,Male,45,0,154518.44,2,1,1,161658.9,0
100682,605,France,Female,27,6,197630.52,2,1,1,137988.14,0
100683,586,France,Male,43,2,160082.47,1,1,1,180433.03,1
100684,790,Germany,Female,50,10,151677.5,3,0,1,170034.67,1
100685,594,France,Female,44,0,0.0,2,0,1,39650.51,0
100686,722,France,Female,40,7,68751.11,2,0,1,191985.7,0
100687,588,Spain,Female,38,1,108118.71,2,0,1,179972.33,0
100688,607,Spain,Male,31,7,195540.29,1,1,1,74371.53,0
100689,627,Germany,Female,38,5,89864.51,1,1,1,18734.12,0
100690,772,France,Female,52,10,85436.84,1,1,1,126735.55,0
100691,470,Spain,Male,38,7,152614.06,1,1,0,96107.25,1
100692,525,France,Male,30,4,155468.5,1,1,1,153669.83,0
100693,465,France,Female,34,0,68540.22,1,0,1,112050.96,0
100694,547,Spain,Female,41,6,93756.16,1,0,0,29150.73,0
100695,573,Germany,Female,35,4,83418.06,3,1,1,60267.17,0
100696,497,Germany,Male,44,0,0.0,2,1,0,178266.89,1
100697,580,Germany,Female,44,6,0.0,2,1,0,21972.59,0
100698,459,Germany,Female,48,2,70426.82,1,1,1,151283.89,1
100699,553,France,Female,53,2,151855.59,2,1,0,69009.55,0
100700,764,France,Male,49,0,109371.0,3,0,0,98738.36,1
100701,688,France,Female,30,4,0.0,2,0,0,113236.0,0
100702,668,France,Male,30,2,118709.73,2,0,1,61265.05,0
100703,555,Spain,Female,38,0,100832.5,1,1,0,135612.68,0
100704,504,France,Male,34,4,129712.73,1,1,1,143286.81,1
100705,542,Germany,Female,28,2,90502.71,2,1,1,30736.0,0
100706,646,Spain,Female,35,1,27803.26,4,0,1,84176.51,0
100707,732,Spain,Female,34,5,94657.59,1,1,1,152709.8,0
100708,736,France,Male,32,0,93979.37,1,1,1,148502.95,0
100709,710,France,Male,36,10,36530.35,1,1,0,115751.62,0
100710,580,Spain,Female,51,5,101859.49,1,1,1,158869.83,0
100711,652,Germany,Female,41,10,0.0,4,0,1,34914.31,0
100712,619,Spain,Male,64,9,90049.47,2,0,0,36869.08,0
100713,631,Spain,Male,41,10,0.0,1,1,0,136635.52,0
100714,844,Spain,Female,36,5,109170.84,1,1,1,143266.77,0
100715,483,France,Female,39,4,87324.01,1,1,0,165687.47,0
100716,628,Germany,Male,42,7,0.0,1,1,1,48491.82,0
100717,765,France,Male,43,0,0.0,2,1,0,110602.76,0
100718,511,Germany,Male,60,9,0.0,2,1,1,137253.79,0
100719,589,Spain,Male,31,3,0.0,2,0,0,56384.42,0
100720,600,Germany,Male,48,0,66289.25,1,0,1,110631.66,0
100721,629,France,Female,41,2,0.0,2,1,0,133112.33,0
100722,498,France,Female,23,2,0.0,2,1,0,54673.16,0
100723,707,Spain,Female,47,0,97852.97,1,0,0,84479.23,0
100724,713,France,Female,52,7,0.0,2,0,1,55022.68,0
100725,698,France,Female,30,1,98949.8,2,0,1,182044.44,0
100726,567,France,Female,39,9,92992.93,2,0,1,58807.79,0
100727,658,France,Male,22,4,86837.1,1,0,0,37354.41,0
100728,565,France,Female,26,7,63249.61,1,0,1,21503.73,0
100729,618,Germany,Female,49,3,0.0,2,1,0,23316.39,0
100730,850,France,Male,34,1,75491.38,1,1,0,50443.45,0
100731,659,France,Male,28,1,80578.23,1,1,1,127518.57,1
100732,537,France,Male,41,7,0.0,2,1,1,18265.23,0
100733,667,France,Male,34,7,62647.43,1,1,1,68047.63,0
100734,522,France,Male,34,2,29703.42,1,1,0,25760.87,0
100735,536,Germany,Female,46,3,85093.59,4,1,0,89676.87,0
100736,551,France,Female,27,10,142553.42,2,1,1,23986.7,0
100737,608,France,Male,30,9,0.0,2,0,0,127395.23,0
100738,739,France,Female,41,4,172104.74,2,1,0,142358.49,1
100739,705,France,Female,49,2,137291.12,1,1,1,150297.45,1
100740,700,France,Female,51,3,127530.49,1,1,1,56503.53,0
100741,546,France,Female,32,5,0.0,2,0,0,175672.53,0
100742,599,Spain,Female,48,6,100822.74,1,1,0,142703.31,1
100743,676,France,Female,31,2,107712.25,1,1,1,25480.29,0
100744,590,Germany,Male,57,0,0.0,1,1,0,96541.84,1
100745,624,France,Male,28,5,171382.83,2,0,0,157034.95,0
100746,692,France,Female,52,8,105108.16,1,1,0,72515.38,0
100747,617,France,Male,32,1,77124.07,2,1,1,85588.37,0
100748,671,Spain,Female,59,4,130270.05,1,0,1,131476.71,0
100749,801,Spain,Male,45,1,0.0,2,1,0,25263.96,0
100750,634,France,Male,29,2,127939.28,1,1,0,193882.98,0
100751,762,France,Female,34,6,122795.16,1,1,1,47278.99,0
100752,703,France,Male,47,3,96855.69,2,0,1,19934.32,0
100753,511,France,Male,50,2,129329.9,2,1,1,15984.75,0
100754,545,Germany,Male,38,10,0.0,1,1,0,88917.56,0
100755,571,France,Male,39,1,112007.37,1,0,1,178586.87,1
100756,569,France,Male,47,2,85101.09,1,0,1,166655.98,0
100757,641,Spain,Female,40,10,228077.33,1,0,1,183728.47,1
100758,708,France,Male,26,6,111700.48,2,0,0,113749.73,0
100759,769,France,Male,31,0,79355.14,1,1,1,98018.05,0
100760,679,Germany,Male,41,4,0.0,2,1,0,86384.28,0
100761,608,France,Female,51,6,161132.47,1,0,0,23587.34,1
100762,452,France,Male,55,2,0.0,2,1,0,183261.43,0
100763,657,France,Female,47,6,70971.86,1,0,1,106792.58,0
100764,652,Spain,Male,42,7,119460.87,1,1,0,99187.47,0
100765,667,France,Female,46,2,132937.91,1,1,1,110305.99,0
100766,850,France,Male,32,8,132259.98,3,1,1,161918.59,0
100767,768,France,Male,37,4,0.0,2,1,1,56527.15,0
100768,725,France,Female,31,10,111845.18,2,1,0,146331.63,0
100769,559,Germany,Male,27,0,114977.59,1,0,1,146492.4,0
100770,601,France,Female,42,3,119465.04,1,0,0,172167.26,0
100771,641,Germany,Male,41,7,123270.06,1,1,0,16606.47,0
100772,576,Germany,Male,46,9,152061.47,1,0,0,46523.18,1
100773,698,Spain,Female,44,2,107425.84,2,1,0,102143.67,0
100774,684,France,Female,41,10,69877.46,2,0,1,172349.97,0
100775,547,Spain,Female,45,2,98795.46,2,1,0,193546.62,0
100776,764,Germany,Female,39,4,137412.58,2,1,0,125050.69,0
100777,660,France,Male,43,3,0.0,1,1,1,54244.79,0
100778,486,Spain,Male,32,4,28427.66,1,1,0,49148.17,0
100779,645,Spain,Female,43,9,0.0,2,0,0,133297.13,0
100780,677,France,Male,46,8,170365.28,1,0,0,53862.79,1
100781,742,Spain,Female,32,8,50596.4,1,1,0,117321.17,0
100782,618,France,Male,40,2,109319.75,3,1,1,169440.21,0
100783,729,Germany,Female,33,10,87819.56,3,1,0,87116.63,0
100784,668,Spain,Male,34,4,93784.31,2,1,0,85017.36,0
100785,525,France,Male,28,7,0.0,1,1,1,21685.96,0
100786,516,Spain,Female,52,7,0.0,2,0,0,62005.65,0
100787,757,France,Male,50,7,57389.65,1,1,1,144165.42,0
100788,764,Spain,Male,44,6,92046.2,1,1,1,81672.38,1
100789,681,Germany,Female,59,5,98748.85,1,1,0,44285.3,1
100790,792,France,Female,37,7,0.0,3,1,0,34567.03,0
100791,750,France,Male,69,9,138954.85,3,1,0,32584.87,1
100792,715,France,Female,37,4,0.0,2,1,0,136939.69,0
100793,563,France,Female,42,5,0.0,1,1,1,128334.97,0
100794,814,France,Female,35,1,117154.33,2,0,1,110926.39,0
100795,701,France,Male,43,3,0.0,1,1,0,107560.39,0
100796,613,France,Female,47,8,141011.5,3,1,0,43330.32,1
100797,587,France,Female,38,7,64862.83,1,1,0,107611.78,0
100798,674,Germany,Male,57,2,0.0,1,0,1,26088.49,1
100799,491,Germany,Male,41,6,0.0,2,1,1,186283.81,0
100800,716,Germany,Male,42,8,0.0,1,1,0,25735.1,0
100801,559,France,Female,30,1,0.0,2,0,1,93353.09,0
100802,685,Spain,Male,43,0,45326.6,1,0,0,15105.65,0
100803,600,Germany,Male,38,4,112838.8,2,0,1,160437.83,0
100804,625,France,Female,33,7,72415.44,1,1,1,45741.48,0
100805,578,France,Male,31,3,42542.0,1,1,1,186109.46,0
100806,635,Germany,Male,66,9,146509.68,1,0,0,23135.88,1
100807,829,France,Female,36,9,0.0,1,1,0,166845.66,0
100808,782,Germany,Female,24,5,154441.9,2,1,1,136478.0,0
100809,684,Spain,Male,32,4,0.0,1,1,0,61201.11,0
100810,648,France,Female,38,0,117674.63,1,1,0,52447.63,0
100811,730,France,Female,44,9,0.0,2,1,1,81170.42,0
100812,757,Spain,Female,45,9,-0.0,1,1,1,168254.53,0
100813,571,Germany,Female,46,4,56118.18,2,0,1,174461.96,0
100814,643,France,Female,33,5,0.0,2,1,1,47427.8,0
100815,477,Spain,Male,42,8,120683.35,1,1,1,80387.89,0
100816,757,Spain,Female,30,7,28044.02,2,1,0,58935.91,0
100817,846,Germany,Female,33,1,102695.13,1,1,1,37688.93,0
100818,658,Germany,Male,30,7,0.0,1,1,1,134593.14,0
100819,448,France,Female,27,10,115088.67,1,1,1,78986.14,0
100820,708,France,Male,50,8,0.0,2,0,0,56696.05,0
100821,564,Germany,Female,46,5,136970.57,2,1,0,175209.59,0
100822,587,France,Female,49,5,150873.39,2,0,1,153438.82,0
100823,710,Germany,Female,39,2,124736.57,3,0,0,158145.81,1
100824,674,Spain,Female,47,7,141996.92,1,0,0,22251.24,1
100825,604,France,Female,21,2,89935.27,3,0,1,184299.13,0
100826,588,Germany,Male,48,3,226394.05,2,1,1,121326.6,0
100827,662,France,Female,41,2,0.0,3,1,0,108203.52,0
100828,611,Spain,Male,45,3,82306.5,3,1,0,16958.29,0
100829,545,France,Male,43,4,143758.42,4,0,0,181067.51,1
100830,618,Germany,Female,29,0,0.0,1,1,1,115619.74,0
100831,682,Germany,Male,24,7,125957.73,2,1,1,167653.39,0
100832,633,France,Female,32,4,0.0,2,1,0,136269.53,0
100833,516,Germany,Female,45,10,15407.04,2,1,0,162388.32,0
100834,744,Germany,Female,46,1,0.0,1,1,0,143192.37,0
100835,390,Germany,Male,25,7,96232.69,3,0,0,185378.32,0
100836,608,Spain,Male,29,1,158573.45,1,1,0,56714.57,0
100837,591,Spain,Female,32,6,0.0,2,1,1,52388.52,0
100838,664,France,Male,35,5,116032.45,2,0,0,146820.19,0
100839,703,Germany,Male,25,4,80769.4,1,1,0,107758.04,0
100840,757,France,Female,25,7,129601.17,2,1,0,125844.82,0
100841,582,Spain,Male,31,9,0.0,1,1,0,146080.36,0
100842,706,Germany,Male,40,3,120740.06,2,1,0,116274.22,1
100843,669,France,Male,27,9,59465.51,2,1,0,160723.29,0
100844,487,France,Male,38,2,102550.33,1,1,0,73990.46,0
100845,831,Spain,Female,50,3,97252.82,2,1,0,173913.23,0
100846,513,France,Female,26,3,126298.33,1,1,1,34920.13,1
100847,690,Germany,Male,37,10,147539.77,2,1,0,132290.74,0
100848,687,France,Female,49,1,0.0,3,0,1,179674.51,1
100849,676,Spain,Female,35,4,50124.59,1,1,1,61748.41,0
100850,603,France,Male,33,4,109625.89,2,1,0,75464.41,1
100851,729,France,Female,51,8,217276.28,2,1,0,71506.73,0
100852,502,Spain,Female,36,5,0.0,2,1,0,119388.79,0
100853,644,Spain,Male,50,10,0.0,2,1,0,91381.29,0
100854,596,France,Female,43,8,107723.76,2,1,1,34972.47,0
100855,586,France,Female,36,7,145081.14,2,0,0,179888.14,1
100856,691,Germany,Male,44,8,97159.94,1,0,1,52865.18,0
100857,752,Spain,Female,42,1,85216.09,1,1,1,113804.8,0
100858,617,France,Female,49,4,93520.54,3,1,1,125038.91,0
100859,724,Germany,Female,34,6,0.0,1,0,1,22539.09,0
100860,655,Germany,Male,39,2,55615.79,2,0,1,32706.78,0
100861,565,Germany,Female,38,1,0.0,1,0,1,194762.6,0
100862,625,Spain,Male,46,1,102592.3,2,1,1,137934.78,1
100863,622,Germany,Female,29,8,0.0,2,1,0,21209.56,1
100864,584,France,Female,49,7,0.0,1,1,0,161926.86,0
100865,691,Spain,Male,44,3,38559.37,1,0,0,109080.42,0
100866,672,Spain,Male,26,8,0.0,1,0,0,28911.92,1
100867,499,Spain,Male,51,7,0.0,3,0,1,140939.14,1
100868,493,France,Female,61,8,0.0,2,1,0,107380.08,1
100869,690,France,Male,49,10,75544.11,1,0,1,52910.16,0
100870,573,Germany,Male,53,9,12336.5,2,1,1,177374.92,0
100871,679,France,Female,40,1,79981.95,1,1,0,68905.27,1
100872,724,Spain,Female,22,8,124588.66,1,1,1,67642.98,0
100873,529,France,Male,21,4,138715.64,1,1,0,65463.11,0
100874,516,Germany,Female,42,4,202891.21,1,0,1,156979.32,1
100875,809,Spain,Male,33,7,0.0,2,0,1,145631.95,0
100876,683,France,Male,30,6,0.0,3,1,0,182081.95,0
100877,610,France,Female,38,4,0.0,3,1,1,57427.76,0
100878,561,Germany,Female,45,10,174833.18,3,1,0,160477.45,0
100879,602,Germany,Female,24,1,0.0,1,1,1,121013.43,0
100880,537,France,Female,35,1,0.0,1,1,1,72105.73,0
100881,734,Germany,Female,54,0,87065.83,2,1,0,21559.01,1
100882,576,Spain,Male,28,8,0.0,3,1,1,166505.3,0
100883,754,France,Female,48,4,0.0,2,0,1,59598.2,0
100884,612,France,Male,34,4,0.0,2,0,1,131872.46,0
100885,551,France,Female,44,7,136418.23,2,0,1,116540.57,0
100886,610,France,Female,50,4,0.0,2,1,1,15823.16,1
100887,401,France,Female,46,6,0.0,3,1,0,198953.57,0
100888,639,France,Male,48,0,0.0,2,0,1,165650.93,0
100889,634,Germany,Female,27,1,114011.5,1,0,1,104997.19,0
100890,728,France,Female,50,10,0.0,1,1,0,140863.15,0
100891,471,Spain,Male,30,4,0.0,2,1,0,103169.93,0
100892,760,France,Male,42,1,84899.37,1,0,0,152748.46,0
100893,728,France,Female,42,4,121704.94,3,1,0,39850.78,0
100894,769,Spain,Male,44,3,0.0,2,1,0,97574.93,1
100895,645,Spain,Female,42,3,0.0,1,1,0,77074.38,0
100896,746,France,Female,31,3,0.0,1,1,1,100036.22,0
100897,510,France,Male,26,8,146205.63,2,0,0,98337.44,0
100898,718,France,Female,48,1,0.0,2,0,0,41472.38,0
100899,577,Germany,Female,41,3,104327.82,1,1,1,195650.39,0
100900,493,France,Male,50,5,103366.19,3,0,0,17866.05,1
100901,543,France,Female,39,5,48614.3,1,1,0,16863.49,0
100902,651,France,Male,25,9,0.0,1,0,1,84086.64,0
100903,572,France,Male,49,10,106356.42,1,1,1,129769.62,1
100904,686,Spain,Male,35,3,128868.62,2,1,1,48235.85,0
100905,478,Germany,Male,42,5,53963.88,2,1,0,113640.89,0
100906,448,France,Male,33,0,0.0,3,1,0,148712.81,1
100907,780,France,Male,55,6,164414.56,1,1,1,32401.21,0
100908,736,France,Female,30,1,194332.49,4,0,1,197118.15,0
100909,550,France,Female,36,0,160045.56,2,1,1,77289.62,0
100910,650,Spain,Male,40,7,54385.93,1,0,1,133846.85,0
100911,747,Spain,Male,28,1,124395.27,1,1,0,35483.17,0
100912,690,Spain,Female,42,5,84224.7,1,1,0,146254.98,0
100913,664,Spain,Male,55,1,117207.73,3,0,1,170484.42,0
100914,754,Spain,Female,34,8,71794.68,1,0,1,34477.75,0
100915,581,Spain,Male,43,8,31320.64,1,1,0,38284.68,0
100916,653,France,Female,18,6,0.0,2,0,1,66993.77,0
100917,648,France,Female,39,9,0.0,3,1,0,17208.13,0
100918,624,France,Female,36,4,117383.99,2,0,1,197419.49,0
100919,613,Germany,Female,31,2,122326.76,2,1,0,125701.05,1
100920,657,France,Female,50,1,0.0,1,1,1,127404.05,0
100921,653,Spain,Female,36,2,122394.68,3,1,0,192408.0,1
100922,550,Germany,Female,37,2,127769.01,1,0,1,168925.41,0
100923,726,Germany,Female,35,3,93188.7,1,1,1,165634.94,0
100924,557,France,Female,20,2,0.0,4,1,0,77807.94,0
100925,629,France,Female,28,6,179960.11,1,1,1,76949.73,0
100926,622,France,Female,49,1,111107.33,1,1,1,68971.52,1
100927,684,Spain,Female,18,6,0.0,2,1,1,79138.72,0
100928,449,Germany,Female,31,3,109424.03,1,1,0,83359.12,0
100929,735,Germany,Female,35,7,95629.93,1,1,1,40900.68,0
100930,586,France,Female,56,5,86279.69,2,1,1,80850.35,0
100931,766,France,Male,47,9,113973.18,2,1,1,97648.2,0
100932,605,France,Male,33,4,0.0,2,0,0,72229.26,1
100933,645,Spain,Male,52,3,0.0,1,1,1,45589.19,0
100934,832,Spain,Male,32,6,0.0,2,1,0,84080.92,0
100935,624,France,Male,49,7,0.0,2,1,0,103967.94,0
100936,768,Spain,Female,25,4,130120.38,1,1,0,148334.75,0
100937,654,France,Male,50,6,0.0,1,1,0,146578.99,1
100938,689,Spain,Male,35,5,18639.73,1,1,0,52498.58,0
100939,657,France,Male,29,3,0.0,2,1,0,21781.25,0
100940,731,France,Male,37,3,0.0,1,1,1,71202.91,0
100941,585,Spain,Female,42,9,0.0,2,1,1,44070.22,0
100942,557,France,Male,34,7,138250.62,3,1,0,88220.87,0
100943,589,France,Male,45,1,44867.72,1,0,1,196179.03,0
100944,659,France,Female,33,10,149952.53,2,1,1,48498.2,0
100945,629,France,Male,45,7,0.0,1,1,1,73991.68,0
100946,717,Germany,Female,43,0,7438.8,1,1,1,149146.15,0
100947,774,Spain,Male,38,8,112668.17,2,1,1,109198.81,0
100948,557,Spain,Male,35,6,0.0,1,1,1,23126.71,0
100949,580,France,Female,41,10,0.0,3,1,1,44912.65,0
100950,514,Germany,Male,45,5,0.0,2,1,1,188021.17,0
100951,843,France,Female,60,5,0.0,1,1,0,34085.52,0
100952,679,France,Male,48,3,84136.89,1,0,1,132492.17,0
100953,696,France,Male,49,3,25162.32,1,1,1,161580.25,0
100954,523,Spain,Male,70,6,159698.92,3,1,1,64106.23,1
100955,650,Spain,Male,44,9,94492.62,2,1,1,149139.43,0
100956,698,Spain,Female,44,9,73526.79,1,1,0,46430.61,1
100957,626,Germany,Female,46,8,56477.78,2,1,0,67678.8,0
100958,752,France,Female,29,6,0.0,2,0,1,72687.08,0
100959,850,Germany,Female,35,5,49167.43,2,0,1,199340.47,0
100960,560,Germany,Female,34,3,0.0,1,1,1,54695.87,0
100961,553,France,Female,45,8,0.0,1,0,1,38903.38,0
100962,567,France,Female,37,3,0.0,1,1,1,186252.92,0
100963,803,France,Female,40,2,57546.94,1,1,1,44957.18,0
100964,749,Spain,Male,50,9,78326.26,1,0,0,177666.79,0
100965,637,France,Female,48,6,105378.93,1,1,1,135334.48,1
100966,653,Spain,Male,37,3,0.0,1,1,0,121719.38,0
100967,572,France,Female,32,9,71219.52,1,1,1,153997.66,0
100968,735,Germany,Female,50,10,0.0,1,1,0,149309.81,0
100969,614,France,Male,47,3,143203.54,3,1,1,35447.35,0
100970,625,France,Female,23,5,33506.97,2,0,0,199901.23,0
100971,708,France,Female,36,5,104730.43,1,0,0,189249.6,1
100972,632,France,Male,41,7,64116.29,2,1,1,180869.51,0
100973,628,Spain,Female,47,10,59734.58,1,1,1,130123.49,0
100974,651,France,Female,48,6,116223.5,2,1,0,111716.4,0
100975,726,Germany,Male,42,8,0.0,2,1,1,114211.54,0
100976,806,France,Female,45,6,52677.47,2,0,0,17763.33,1
100977,706,France,Male,40,9,0.0,3,1,0,107401.86,0
100978,726,Germany,Female,32,4,144563.85,2,1,0,130397.37,0
100979,631,France,Male,36,4,21910.84,2,1,1,136860.65,0
100980,583,Spain,Male,39,4,41599.59,1,1,1,76445.8,1
100981,712,Spain,Male,39,10,130518.65,1,0,1,102187.23,0
100982,666,Germany,Male,20,6,0.0,2,0,1,132717.46,0
100983,515,France,Female,35,1,169524.71,1,1,1,94236.52,0
100984,619,France,Male,40,0,0.0,2,1,1,192995.01,1
100985,642,Spain,Female,36,5,117877.02,2,1,1,145506.79,0
100986,602,France,Male,37,8,61059.9,1,1,0,15235.64,0
100987,791,France,Male,44,5,126131.93,1,0,0,19306.7,0
100988,696,France,Female,28,6,0.0,2,1,0,142705.54,0
100989,780,Spain,Male,23,8,0.0,1,0,1,91339.34,0
100990,675,Germany,Female,36,5,123151.96,2,0,1,170302.13,0
100991,658,Spain,Male,47,9,0.0,2,1,0,47007.85,0
100992,561,Spain,Male,56,7,0.0,1,1,1,17557.98,0
100993,651,France,Female,47,8,201385.57,2,1,1,86795.23,0
100994,651,Spain,Male,24,8,95642.46,2,0,0,151171.86,0
100995,520,France,Male,37,6,0.0,2,1,0,194769.63,0
100996,599,Germany,Female,42,0,86431.34,1,1,0,178475.97,0
100997,619,France,Male,41,4,108670.15,2,1,0,104553.8,0
100998,689,Spain,Female,44,1,40188.91,2,1,1,165371.2,0
100999,694,France,Male,30,5,0.0,1,1,1,28011.13,0
101000,595,France,Female,40,1,0.0,2,0,0,120870.38,0
101001,695,France,Male,43,5,0.0,2,1,0,185995.21,0
101002,633,France,Male,47,3,27814.87,1,1,0,88331.25,0
101003,377,France,Female,31,0,92922.01,2,1,0,192618.62,0
101004,604,Germany,Female,36,1,0.0,3,1,0,55826.74,0
101005,753,France,Male,18,5,0.0,3,1,1,34542.25,0
101006,490,Spain,Male,33,0,0.0,1,1,1,112081.03,0
101007,661,France,Female,34,9,0.0,2,0,1,182840.67,0
101008,801,Germany,Female,29,8,64897.97,4,1,0,72586.66,0
101009,578,France,Female,41,7,0.0,2,1,1,163029.66,0
101010,650,Germany,Male,38,1,0.0,1,1,0,46301.49,0
101011,526,Germany,Female,18,8,62457.73,1,1,0,152930.52,0
101012,805,France,Male,41,6,0.0,2,0,1,118049.98,0
101013,642,Spain,Male,30,4,0.0,1,1,1,47378.14,0
101014,654,France,Male,44,0,84377.59,1,1,0,147846.14,1
101015,779,France,Female,26,5,0.0,1,1,1,147044.88,0
101016,713,Germany,Female,39,8,0.0,2,1,1,110355.52,0
101017,567,Spain,Male,36,0,82273.54,1,1,1,56711.51,1
101018,589,France,Male,42,0,59343.2,3,1,1,39474.37,0
101019,697,France,Female,40,4,0.0,2,1,0,192092.18,0
101020,591,Spain,Female,36,5,150901.78,4,0,1,136325.32,0
101021,449,Germany,Female,24,5,0.0,3,1,0,164709.67,1
101022,645,Spain,Female,24,4,78777.72,1,1,0,143939.55,0
101023,509,Germany,Female,33,2,99704.7,2,1,1,168452.63,0
101024,804,Germany,Male,39,0,16822.79,1,1,1,45060.8,0
101025,667,France,Female,33,0,0.0,4,1,0,106935.79,0
101026,564,Spain,Male,45,1,87784.76,1,0,1,138418.08,0
101027,584,France,Female,36,7,64861.2,2,1,1,34127.13,0
101028,471,Germany,Female,29,8,0.0,2,1,1,42742.04,0
101029,546,France,Male,36,4,87359.92,1,0,0,132286.78,0
101030,747,Germany,Female,41,0,147675.71,2,0,0,175710.57,0
101031,850,Germany,Male,42,4,151958.6,1,1,0,137176.99,0
101032,719,Germany,Female,58,10,65090.62,1,1,0,21697.89,1
101033,641,Spain,Male,32,2,82722.67,1,1,0,194530.09,1
101034,609,France,Male,38,5,83818.63,1,0,0,40808.78,1
101035,559,Germany,Male,43,5,139810.46,2,1,0,58024.01,0
101036,846,France,Female,39,3,111256.78,3,0,0,195368.95,0
101037,632,France,Female,34,4,108989.96,1,1,1,157641.1,0
101038,850,France,Female,24,5,128059.29,2,1,1,188266.69,0
101039,782,France,Male,34,5,79354.22,3,1,0,164224.64,0
101040,485,France,Female,28,7,163647.12,2,1,1,135570.88,0
101041,587,Germany,Female,22,6,104924.98,1,1,0,67642.3,0
101042,586,Germany,Female,31,0,0.0,3,0,0,75473.07,1
101043,642,Germany,Female,29,0,95125.47,1,1,1,190245.15,0
101044,644,France,Female,45,4,0.0,2,1,0,174215.74,0
101045,850,France,Female,45,9,0.0,2,1,0,81505.73,0
101046,548,France,Female,30,0,145830.99,2,1,0,84054.47,0
101047,672,Spain,Male,36,0,78110.13,1,1,1,70073.46,1
101048,709,Spain,Female,20,7,72076.46,1,1,1,75334.08,0
101049,650,France,Female,34,4,0.0,2,0,0,174223.48,0
101050,660,Germany,Male,43,2,0.0,1,0,0,16943.77,0
101051,551,France,Male,47,2,0.0,1,0,0,95669.73,0
101052,660,France,Female,32,7,0.0,2,1,1,189425.34,0
101053,699,France,Male,50,5,0.0,2,1,0,115387.73,0
101054,681,France,Male,24,7,101927.96,1,1,1,98332.47,0
101055,704,Germany,Male,27,3,0.0,1,1,1,72788.41,0
101056,784,Spain,Male,46,5,120005.99,3,0,0,28673.84,0
101057,739,France,Male,56,9,0.0,1,1,1,56530.0,0
101058,657,Germany,Female,44,3,89059.7,1,0,0,31734.81,1
101059,539,Germany,Female,39,4,127952.38,1,1,0,38439.39,0
101060,593,Spain,Male,18,1,0.0,1,1,0,45250.56,0
101061,629,Germany,Male,19,7,0.0,4,1,0,70875.44,1
101062,674,France,Female,40,0,97896.18,1,0,1,17038.09,0
101063,605,Germany,Female,35,2,0.0,1,0,1,190776.62,0
101064,561,France,Male,28,7,119411.02,2,1,0,37906.53,1
101065,537,Spain,Female,40,0,92584.1,1,0,0,85882.54,1
101066,493,France,Male,40,10,66093.6,1,1,1,177712.6,0
101067,628,Germany,Male,48,4,148609.45,4,1,0,34715.07,1
101068,510,France,Male,40,4,109257.41,2,1,0,104466.79,0
101069,555,France,Male,51,5,95191.74,1,0,1,171284.97,0
101070,613,Spain,Male,39,7,0.0,1,1,1,118038.09,0
101071,523,Germany,Male,38,5,0.0,1,1,1,53913.57,0
101072,686,France,Male,50,9,0.0,1,1,0,151069.26,0
101073,720,Spain,Male,29,10,67151.92,2,1,0,141048.1,0
101074,598,Spain,Male,67,2,114095.9,2,0,0,82004.39,1
101075,608,France,Female,43,7,0.0,2,1,1,23564.6,0
101076,701,Germany,Male,43,3,65310.96,3,1,0,16454.97,0
101077,582,France,Female,44,10,0.0,1,1,0,167697.68,0
101078,576,Germany,Male,58,2,0.0,3,1,0,74488.11,1
101079,764,France,Male,47,3,0.0,2,1,1,40487.43,0
101080,734,France,Female,23,7,119425.41,1,1,1,110931.98,0
101081,707,Spain,Female,53,8,107450.62,2,1,1,185354.16,0
101082,738,Spain,Female,36,1,179411.79,1,1,0,16568.96,0
101083,462,Spain,Male,40,6,0.0,2,1,1,25386.56,0
101084,779,Spain,Female,26,3,121216.31,2,0,0,92153.31,0
101085,687,Germany,Female,44,6,73733.57,1,1,0,140053.69,0
101086,746,Spain,Male,32,6,0.0,3,1,0,103078.58,0
101087,687,Spain,Male,40,10,89497.21,1,0,1,181046.46,0
101088,655,France,Female,36,10,0.0,2,1,0,23155.64,0
101089,624,France,Female,58,7,0.0,1,1,1,77926.06,0
101090,685,France,Male,59,7,139002.92,1,1,0,79999.36,0
101091,620,Germany,Male,39,9,0.0,1,1,0,77923.54,0
101092,732,France,Male,40,2,104454.04,2,0,1,105221.89,0
101093,499,France,Female,35,7,110179.59,1,0,1,161256.75,1
101094,599,Germany,Female,50,8,0.0,3,1,0,73808.28,0
101095,844,France,Female,36,1,0.0,1,1,1,152729.39,0
101096,591,France,Male,35,9,144001.33,1,1,0,42096.11,0
101097,627,Spain,Female,49,7,107609.2,1,1,0,118734.1,0
101098,566,Spain,Female,34,3,120795.68,1,0,1,84391.28,0
101099,682,France,Male,39,5,0.0,3,0,1,114754.0,0
101100,580,France,Male,23,5,199256.17,1,1,0,34933.7,1
101101,632,France,Male,46,10,86487.65,2,0,0,191390.63,0
101102,731,Spain,Female,58,10,0.0,2,1,1,182649.61,0
101103,584,Spain,Male,46,8,110740.64,2,1,0,167883.32,0
101104,725,France,Female,54,7,177850.56,2,1,1,180164.82,0
101105,728,Spain,Female,31,1,52325.94,3,1,1,42137.26,0
101106,750,France,Male,41,10,0.0,2,0,1,108188.53,0
101107,663,France,Female,30,1,88071.47,2,0,0,73813.19,0
101108,850,Spain,Male,37,1,0.0,2,0,1,179166.4,0
101109,750,France,Male,47,0,157562.18,2,1,0,50045.97,0
101110,681,France,Male,40,10,0.0,1,1,0,55689.89,0
101111,567,France,Female,25,5,0.0,2,1,0,142042.17,0
101112,641,Germany,Female,26,2,76180.49,1,0,0,31446.44,0
101113,786,Spain,Female,25,0,0.0,2,1,1,150487.93,0
101114,812,Spain,Female,44,4,105692.52,3,0,1,64603.55,0
101115,790,France,Female,60,7,0.0,3,1,1,137273.04,0
101116,725,France,Female,53,10,97008.05,2,1,1,176511.99,0
101117,531,Spain,Male,20,6,0.0,2,0,1,127778.1,0
101118,696,France,Male,53,6,156542.02,2,1,1,54346.49,1
101119,532,Spain,Male,48,9,89398.0,1,0,1,24095.62,0
101120,509,Germany,Female,24,9,0.0,1,1,1,23253.58,0
101121,673,France,Female,36,3,0.0,1,1,1,31430.2,0
101122,700,Spain,Female,50,10,0.0,1,1,0,122266.31,0
101123,736,France,Female,45,5,128981.51,3,1,1,79420.3,0
101124,697,France,Female,26,10,0.0,3,1,0,59974.79,1
101125,701,Germany,Male,45,1,0.0,2,0,0,55571.71,0
101126,556,Germany,Female,18,1,0.0,1,1,1,190487.58,0
101127,640,Germany,Female,37,9,115819.33,2,1,0,36981.07,0
101128,507,Germany,Male,50,7,143754.9,1,0,0,71390.67,0
101129,460,Spain,Male,39,1,134810.69,2,1,0,102223.29,1
101130,720,Spain,Male,34,9,118203.14,4,1,0,15083.16,1
101131,578,Germany,Female,48,1,113018.58,1,1,1,185376.34,0
101132,733,France,Male,49,7,128534.57,1,0,1,33333.24,0
101133,755,Germany,Female,52,2,137821.15,1,1,0,141257.06,1
101134,591,Spain,Female,48,0,0.0,1,1,1,131340.11,0
101135,706,France,Male,50,8,115634.02,1,0,1,164676.81,0
101136,587,France,Male,46,9,97084.65,1,0,1,135506.73,0
101137,475,France,Female,42,1,88164.35,1,1,0,157336.67,1
101138,662,France,Male,40,1,0.0,1,1,1,92930.99,0
101139,605,Germany,Female,37,6,0.0,1,1,0,105410.33,0
101140,608,France,Female,27,0,45024.93,2,0,0,144807.49,0
101141,838,Spain,Female,29,8,139215.8,1,1,1,120158.94,0
101142,505,Spain,Male,36,10,43923.06,3,1,0,109634.63,1
101143,686,Spain,Female,41,8,22098.45,1,1,1,53028.31,0
101144,555,France,Male,53,2,144055.51,1,1,1,62750.03,1
101145,736,France,Female,39,2,0.0,1,0,0,81321.99,0
101146,678,Germany,Male,49,7,0.0,2,0,0,16717.61,0
101147,686,Spain,Male,50,0,0.0,1,1,1,92212.24,0
101148,560,France,Female,37,5,45470.54,2,1,1,15512.17,0
101149,577,Spain,Female,45,4,54011.15,1,0,0,119527.86,0
101150,738,France,Female,37,8,93295.88,4,1,1,145245.32,0
101151,818,Spain,Male,52,2,50286.68,1,1,1,118997.5,0
101152,696,France,Female,45,8,118203.28,1,1,1,143301.2,0
101153,565,France,Male,27,7,85114.31,2,1,0,15002.44,0
101154,682,Germany,Female,41,2,112956.55,1,1,1,25996.77,0
101155,850,France,Male,55,3,111671.37,1,1,1,144215.55,0
101156,660,France,Male,37,0,121632.38,2,1,0,163536.53,0
101157,789,France,Male,43,4,0.0,1,1,1,147774.79,0
101158,580,France,Male,44,2,90212.27,1,1,1,137657.26,0
101159,646,Spain,Female,29,1,0.0,1,0,1,145865.79,0
101160,709,France,Male,44,6,0.0,1,1,1,151824.14,0
101161,688,Germany,Female,25,6,557.72,3,0,1,149009.84,0
101162,577,Spain,Female,33,0,132800.61,2,1,1,151531.57,0
101163,573,France,Male,50,2,0.0,2,0,1,28693.65,0
101164,744,France,Male,43,0,0.0,1,1,0,26705.24,0
101165,763,Spain,Male,36,7,49665.73,2,0,0,81807.19,0
101166,794,Spain,Female,43,3,0.0,2,1,0,112605.39,0
101167,821,Germany,Female,38,0,0.0,1,1,1,156084.52,0
101168,663,Spain,Female,39,2,137017.86,3,0,0,76920.95,0
101169,620,France,Male,46,10,44579.99,2,1,1,65896.66,0
101170,778,France,Female,32,2,65067.84,2,1,0,159567.94,0
101171,718,Germany,Female,39,7,127975.51,1,1,0,61127.32,0
101172,557,France,Female,36,5,0.0,1,0,1,166855.65,0
101173,552,Spain,Female,23,1,0.0,2,1,1,47769.71,0
101174,697,Germany,Female,30,3,143988.94,2,1,0,81502.6,0
101175,633,Spain,Female,55,0,145751.61,1,1,0,89198.99,1
101176,647,France,Male,43,8,0.0,1,1,0,70409.43,0
101177,752,France,Male,26,3,0.0,2,0,0,15621.03,0
101178,722,France,Female,24,5,0.0,1,0,0,58569.21,0
101179,776,France,Male,38,1,0.0,1,1,1,77465.91,0
101180,467,Spain,Male,55,9,0.0,2,0,0,73020.61,0
101181,674,France,Female,37,2,0.0,1,0,0,160327.77,1
101182,716,France,Female,52,6,82300.37,1,1,0,23763.04,1
101183,505,France,Female,43,9,0.0,1,0,0,86955.51,0
101184,588,France,Female,44,7,130795.72,3,0,1,21940.36,0
101185,570,Spain,Male,26,6,155935.19,1,1,0,187169.8,0
101186,652,France,Male,48,9,122125.19,2,1,0,161188.75,0
101187,805,Spain,Female,36,1,182155.58,4,1,1,196699.9,0
101188,842,France,Male,48,10,74662.83,2,1,1,183379.7,0
101189,573,Germany,Female,31,6,0.0,2,1,1,73425.36,0
101190,700,France,Male,41,4,135729.0,2,0,1,142942.93,0
101191,703,France,Male,43,2,0.0,1,1,1,71712.51,0
101192,687,Spain,Female,37,8,0.0,2,0,1,179319.07,0
101193,688,Spain,Female,43,10,0.0,3,0,1,90989.28,0
101194,679,Spain,Male,36,7,66333.96,2,1,0,84539.2,0
101195,810,France,Male,33,0,0.0,1,1,1,184102.72,1
101196,755,France,Female,55,5,86324.96,1,1,1,169796.95,1
101197,549,Germany,Female,49,8,88034.29,3,0,1,193786.51,1
101198,726,France,Female,31,4,108868.3,1,0,0,27300.3,0
101199,735,Germany,Male,45,8,0.0,2,1,1,60017.69,0
